num,time,seconds,source,ip,50plus,wechat,wechattime,videocall,videocallrate,switchcamera,voicecall,voicecallrate,presstospeak,presstospeakrate,sendlocation,sendlocationrate,recallmessage,recallmessagerate,moments,momentsrate,enlargefontsize,caremode,nps,age,gender,marriage,living,education,pension,livingarea
1,2022/10/10 18:29,234,微信,36.36.106.146(广东-深圳),1,1,3,4,5,1,5,5,5,5,2,3,3,4,4,4,1,2,11,67,1,2,1,2,2,2
2,2022/10/10 18:31,12,微信,110.80.12.186(福建-厦门),2,NA,NA,NA,NA,NA,NA,NA,NA,NA,NA,NA,NA,NA,NA,NA,NA,NA,NA,NA,NA,NA,NA,NA,NA,NA
3,2022/10/10 18:41,745,微信,124.240.88.165(广东-广州),1,1,3,3,3,1,4,4,3,4,3,3,3,3,4,4,1,2,11,52,1,2,1,1,3,2
4,2022/10/10 18:44,49,微信,124.240.94.228(广东-广州),1,2,NA,NA,NA,NA,NA,NA,NA,NA,NA,NA,NA,NA,NA,NA,NA,NA,NA,73,2,2,1,1,3,2
5,2022/10/10 18:45,453,微信,14.16.156.251(广东-深圳),1,1,2,3,4,1,3,4,3,4,3,4,2,3,2,4,1,1,1,54,2,2,1,1,1,1
6,2022/10/10 18:46,107,微信,124.240.88.165(广东-广州),1,1,4,2,5,1,4,4,4,4,2,3,2,3,4,4,2,2,11,55,2,2,1,2,3,2
7,2022/10/10 18:49,88,微信,124.240.94.228(广东-广州),1,1,3,1,3,1,2,3,3,3,1,3,1,3,1,3,1,2,2,72,1,2,1,2,8,2
8,2022/10/10 18:51,277,微信,223.104.63.62(广东-惠州),1,1,2,4,4,1,3,4,3,4,3,4,2,3,2,4,1,1,1,52,1,2,1,2,1,1
9,2022/10/10 18:52,266,微信,124.240.77.34(广东-广州),1,1,2,3,4,1,4,4,1,3,2,4,2,4,2,4,1,2,11,64,2,3,1,2,1,1
10,2022/10/10 18:53,445,微信,117.136.33.44(广东-东莞),1,1,3,4,5,1,4,5,4,4,3,3,3,3,2,3,2,2,11,72,1,2,1,3,3,2
11,2022/10/10 18:57,100,微信,223.104.74.221(广东-东莞),1,1,3,1,3,2,3,3,5,5,1,1,1,1,1,4,2,2,11,72,1,2,1,1,4,1
12,2022/10/10 19:00,113,微信,117.136.39.207(广东-深圳),1,1,4,4,4,1,4,4,4,4,1,3,2,3,3,4,1,2,11,58,2,2,1,1,1,2
13,2022/10/10 19:01,21,微信,112.97.168.14(广东-东莞),2,NA,NA,NA,NA,NA,NA,NA,NA,NA,NA,NA,NA,NA,NA,NA,NA,NA,NA,NA,NA,NA,NA,NA,NA,NA
14,2022/10/10 19:01,66,微信,14.221.97.234(广东-东莞),1,2,NA,NA,NA,NA,NA,NA,NA,NA,NA,NA,NA,NA,NA,NA,NA,NA,NA,51,1,2,1,2,8,1
15,2022/10/10 19:03,80,微信,183.46.45.68(广东-汕头),1,2,NA,NA,NA,NA,NA,NA,NA,NA,NA,NA,NA,NA,NA,NA,NA,NA,NA,71,2,2,1,2,8,1
16,2022/10/10 19:11,31,微信,120.229.168.213(广东-惠州),1,2,NA,NA,NA,NA,NA,NA,NA,NA,NA,NA,NA,NA,NA,NA,NA,NA,NA,58,2,2,1,1,1,2
17,2022/10/10 19:13,5,互填问卷,39.144.73.114(宁夏-银川),2,NA,NA,NA,NA,NA,NA,NA,NA,NA,NA,NA,NA,NA,NA,NA,NA,NA,NA,NA,NA,NA,NA,NA,NA,NA
18,2022/10/10 19:13,5,互填问卷,223.104.177.91(辽宁-大连),2,NA,NA,NA,NA,NA,NA,NA,NA,NA,NA,NA,NA,NA,NA,NA,NA,NA,NA,NA,NA,NA,NA,NA,NA,NA
19,2022/10/10 19:13,4,互填问卷,223.104.161.54(浙江-未知),2,NA,NA,NA,NA,NA,NA,NA,NA,NA,NA,NA,NA,NA,NA,NA,NA,NA,NA,NA,NA,NA,NA,NA,NA,NA
20,2022/10/10 19:13,8,互填问卷,221.197.69.24(天津-天津),2,NA,NA,NA,NA,NA,NA,NA,NA,NA,NA,NA,NA,NA,NA,NA,NA,NA,NA,NA,NA,NA,NA,NA,NA,NA
21,2022/10/10 19:13,40,互填问卷,111.58.32.229(广西-河池),1,1,3,3,3,1,4,3,5,4,3,4,4,5,4,3,1,1,9,32,2,2,1,4,4,1
22,2022/10/10 19:13,5,互填问卷,221.197.69.24(天津-天津),2,NA,NA,NA,NA,NA,NA,NA,NA,NA,NA,NA,NA,NA,NA,NA,NA,NA,NA,NA,NA,NA,NA,NA,NA,NA
23,2022/10/10 19:13,43,互填问卷,14.104.111.220(重庆-重庆),1,1,3,4,4,1,5,4,5,3,4,5,4,5,3,4,1,1,8,30,1,2,2,4,6,1
24,2022/10/10 19:13,43,互填问卷,118.212.215.134(江西-南昌),1,1,3,4,4,1,2,4,3,4,3,4,5,4,3,4,1,1,8,55,2,2,1,2,3,2
25,2022/10/10 19:13,4,互填问卷,182.104.91.31(江西-南昌),2,NA,NA,NA,NA,NA,NA,NA,NA,NA,NA,NA,NA,NA,NA,NA,NA,NA,NA,NA,NA,NA,NA,NA,NA,NA
26,2022/10/10 19:13,36,互填问卷,223.104.65.127(广东-东莞),1,1,3,2,2,1,3,3,3,3,3,2,2,3,3,4,2,1,7,23,1,1,2,3,5,1
27,2022/10/10 19:13,7,互填问卷,223.104.42.112(北京-北京),2,NA,NA,NA,NA,NA,NA,NA,NA,NA,NA,NA,NA,NA,NA,NA,NA,NA,NA,NA,NA,NA,NA,NA,NA,NA
28,2022/10/10 19:14,49,互填问卷,113.64.5.151(广东-汕头),1,1,2,2,4,1,4,4,4,4,4,4,1,3,4,5,2,2,11,31,1,2,1,4,1,1
29,2022/10/10 19:14,4,互填问卷,218.28.159.170(河南-洛阳),2,NA,NA,NA,NA,NA,NA,NA,NA,NA,NA,NA,NA,NA,NA,NA,NA,NA,NA,NA,NA,NA,NA,NA,NA,NA
30,2022/10/10 19:14,40,互填问卷,106.33.21.10(河南-郑州),1,1,2,2,4,1,3,4,3,4,3,4,3,4,3,4,1,1,6,52,1,2,1,4,3,1
31,2022/10/10 19:14,35,互填问卷,27.224.110.24(甘肃-兰州),1,1,3,3,3,1,2,3,4,2,2,4,5,4,4,4,1,1,7,29,2,2,2,3,5,2
32,2022/10/10 19:14,44,互填问卷,171.109.237.162(广西-玉林),1,1,3,3,3,1,2,2,2,3,3,3,2,4,4,2,1,1,4,51,2,2,1,4,4,1
33,2022/10/10 19:14,8,互填问卷,182.125.195.237(河南-新乡),2,NA,NA,NA,NA,NA,NA,NA,NA,NA,NA,NA,NA,NA,NA,NA,NA,NA,NA,NA,NA,NA,NA,NA,NA,NA
34,2022/10/10 19:14,21,互填问卷,27.148.85.244(福建-福州),1,2,NA,NA,NA,NA,NA,NA,NA,NA,NA,NA,NA,NA,NA,NA,NA,NA,NA,45,1,2,3,3,4,1
35,2022/10/10 19:14,80,互填问卷,223.89.146.42(河南-驻马店),1,1,2,2,2,1,4,4,1,1,1,1,1,1,2,4,1,1,8,55,1,2,1,1,2,2
36,2022/10/10 19:14,31,互填问卷,113.247.146.20(湖南-长沙),1,1,4,3,3,2,3,5,3,3,3,1,4,3,4,3,2,2,6,50,2,2,3,5,5,1
37,2022/10/10 19:14,48,互填问卷,120.242.228.195(安徽-安庆),1,1,2,2,4,1,3,5,4,5,2,2,2,4,1,2,2,2,4,68,1,2,1,3,4,1
38,2022/10/10 19:14,4,互填问卷,120.230.204.16(广东-韶关),2,NA,NA,NA,NA,NA,NA,NA,NA,NA,NA,NA,NA,NA,NA,NA,NA,NA,NA,NA,NA,NA,NA,NA,NA,NA
39,2022/10/10 19:14,39,互填问卷,106.18.129.101(湖南-长沙),1,1,3,3,4,2,3,4,2,2,4,4,2,4,3,2,1,2,9,30,2,2,1,4,6,1
40,2022/10/10 19:14,57,互填问卷,39.144.86.221(河北-邯郸),1,1,2,4,3,1,3,3,3,4,2,2,2,2,3,3,2,2,5,52,1,2,1,2,1,1
41,2022/10/10 19:14,10,互填问卷,111.29.254.160(海南-海口),2,NA,NA,NA,NA,NA,NA,NA,NA,NA,NA,NA,NA,NA,NA,NA,NA,NA,NA,NA,NA,NA,NA,NA,NA,NA
42,2022/10/10 19:15,42,互填问卷,43.225.208.184(黑龙江-哈尔滨),1,1,3,4,5,1,5,4,5,5,4,4,5,4,5,5,1,1,9,27,2,2,1,4,5,1
43,2022/10/10 19:15,116,互填问卷,171.35.80.153(江西-赣州),1,1,2,4,5,1,4,5,5,5,3,4,3,4,2,3,1,1,11,65,2,3,1,2,1,1
44,2022/10/10 19:15,58,互填问卷,124.240.87.225(广东-广州),1,1,3,3,4,1,5,3,3,4,4,4,4,4,3,4,1,1,9,43,2,4,1,4,6,1
45,2022/10/10 19:15,89,互填问卷,120.239.118.189(广东-阳江),1,1,3,4,4,1,5,4,5,4,2,3,3,3,2,4,2,2,9,51,1,2,2,3,6,1
46,2022/10/10 19:15,8,互填问卷,45.116.152.69(内蒙古-呼和浩特),2,NA,NA,NA,NA,NA,NA,NA,NA,NA,NA,NA,NA,NA,NA,NA,NA,NA,NA,NA,NA,NA,NA,NA,NA,NA
47,2022/10/10 19:15,7,互填问卷,36.157.223.85(湖南-长沙),2,NA,NA,NA,NA,NA,NA,NA,NA,NA,NA,NA,NA,NA,NA,NA,NA,NA,NA,NA,NA,NA,NA,NA,NA,NA
48,2022/10/10 19:15,104,互填问卷,116.199.71.83(广东-广州),1,1,2,3,4,1,4,4,4,4,2,3,2,3,3,4,2,2,6,59,1,2,1,2,3,1
49,2022/10/10 19:15,10,互填问卷,61.138.106.19(内蒙古-包头),2,NA,NA,NA,NA,NA,NA,NA,NA,NA,NA,NA,NA,NA,NA,NA,NA,NA,NA,NA,NA,NA,NA,NA,NA,NA
50,2022/10/10 19:15,137,互填问卷,61.242.134.66(湖北-未知),1,1,5,4,4,1,5,5,4,5,4,5,4,5,4,4,1,1,11,51,2,2,1,5,5,1
51,2022/10/10 19:15,10,互填问卷,119.103.189.75(湖北-武汉),2,NA,NA,NA,NA,NA,NA,NA,NA,NA,NA,NA,NA,NA,NA,NA,NA,NA,NA,NA,NA,NA,NA,NA,NA,NA
52,2022/10/10 19:15,16,互填问卷,180.130.10.241(云南-昆明),1,2,NA,NA,NA,NA,NA,NA,NA,NA,NA,NA,NA,NA,NA,NA,NA,NA,NA,55,1,2,2,2,3,1
53,2022/10/10 19:15,97,互填问卷,124.128.158.218(山东-济南),1,1,1,2,3,1,4,3,4,4,2,3,2,3,2,3,1,1,11,50,2,2,1,4,3,1
54,2022/10/10 19:15,7,互填问卷,1.62.97.53(黑龙江-哈尔滨),2,NA,NA,NA,NA,NA,NA,NA,NA,NA,NA,NA,NA,NA,NA,NA,NA,NA,NA,NA,NA,NA,NA,NA,NA,NA
55,2022/10/10 19:15,10,互填问卷,113.240.228.230(湖南-长沙),2,NA,NA,NA,NA,NA,NA,NA,NA,NA,NA,NA,NA,NA,NA,NA,NA,NA,NA,NA,NA,NA,NA,NA,NA,NA
56,2022/10/10 19:15,10,互填问卷,220.200.42.77(福建-福州),2,NA,NA,NA,NA,NA,NA,NA,NA,NA,NA,NA,NA,NA,NA,NA,NA,NA,NA,NA,NA,NA,NA,NA,NA,NA
57,2022/10/10 19:16,35,互填问卷,110.16.78.150(内蒙古-呼和浩特),1,1,3,4,2,1,4,3,4,5,3,4,3,4,3,2,1,1,7,30,2,2,2,4,6,1
58,2022/10/10 19:16,29,互填问卷,61.48.211.242(北京-北京),1,1,2,3,3,2,3,2,3,3,3,2,3,3,2,2,1,2,3,32,1,1,2,3,4,1
59,2022/10/10 19:16,183,互填问卷,139.207.115.102(四川-成都),1,1,2,3,4,1,3,4,3,4,2,1,1,3,4,4,2,2,9,51,2,2,2,3,1,1
60,2022/10/10 19:16,20,互填问卷,27.109.175.158(澳门-未知),1,1,3,3,3,2,4,2,3,2,3,4,3,3,4,2,2,1,6,27,2,3,1,3,4,1
62,2022/10/10 19:16,26,互填问卷,27.23.168.105(湖北-黄冈),1,1,3,3,3,1,3,3,3,3,3,3,3,3,3,3,1,1,8,65,1,2,1,4,6,1
63,2022/10/10 19:16,172,互填问卷,36.134.64.148(天津-天津),1,1,5,4,5,1,4,5,5,5,3,4,2,5,4,5,1,1,11,52,2,2,1,2,1,2
64,2022/10/10 19:16,80,互填问卷,183.224.72.67(云南-昆明),1,1,4,4,4,1,3,4,4,4,2,3,1,3,1,3,1,1,9,52,2,2,1,4,4,1
65,2022/10/10 19:16,6,互填问卷,117.136.89.215(湖南-郴州),2,NA,NA,NA,NA,NA,NA,NA,NA,NA,NA,NA,NA,NA,NA,NA,NA,NA,NA,NA,NA,NA,NA,NA,NA,NA
66,2022/10/10 19:16,4,互填问卷,111.58.16.241(广西-桂林),2,NA,NA,NA,NA,NA,NA,NA,NA,NA,NA,NA,NA,NA,NA,NA,NA,NA,NA,NA,NA,NA,NA,NA,NA,NA
67,2022/10/10 19:16,50,互填问卷,111.181.52.40(湖北-鄂州),1,1,3,2,3,1,1,3,3,3,3,3,3,3,3,3,2,2,5,52,2,2,1,2,1,2
68,2022/10/10 19:16,48,互填问卷,223.104.49.223(福建-厦门),1,1,3,4,5,1,5,4,5,4,3,3,4,5,4,3,1,1,9,56,2,2,1,4,3,2
69,2022/10/10 19:16,6,互填问卷,124.238.204.175(河北-廊坊),2,NA,NA,NA,NA,NA,NA,NA,NA,NA,NA,NA,NA,NA,NA,NA,NA,NA,NA,NA,NA,NA,NA,NA,NA,NA
70,2022/10/10 19:22,14,微信,223.74.117.170(广东-东莞),2,NA,NA,NA,NA,NA,NA,NA,NA,NA,NA,NA,NA,NA,NA,NA,NA,NA,NA,NA,NA,NA,NA,NA,NA,NA
71,2022/10/10 19:23,14,微信,223.74.117.170(广东-东莞),2,NA,NA,NA,NA,NA,NA,NA,NA,NA,NA,NA,NA,NA,NA,NA,NA,NA,NA,NA,NA,NA,NA,NA,NA,NA
72,2022/10/10 19:41,12,问卷推荐服务,124.64.16.249(北京-北京),2,NA,NA,NA,NA,NA,NA,NA,NA,NA,NA,NA,NA,NA,NA,NA,NA,NA,NA,NA,NA,NA,NA,NA,NA,NA
73,2022/10/10 19:42,13,问卷推荐服务,113.116.223.184(广东-深圳),2,NA,NA,NA,NA,NA,NA,NA,NA,NA,NA,NA,NA,NA,NA,NA,NA,NA,NA,NA,NA,NA,NA,NA,NA,NA
74,2022/10/10 19:42,12,问卷推荐服务,112.12.172.13(浙江-温州),2,NA,NA,NA,NA,NA,NA,NA,NA,NA,NA,NA,NA,NA,NA,NA,NA,NA,NA,NA,NA,NA,NA,NA,NA,NA
75,2022/10/10 19:42,9,问卷推荐服务,223.104.39.12(北京-北京),2,NA,NA,NA,NA,NA,NA,NA,NA,NA,NA,NA,NA,NA,NA,NA,NA,NA,NA,NA,NA,NA,NA,NA,NA,NA
76,2022/10/10 19:42,10,问卷推荐服务,117.189.127.181(贵州-黔东南),2,NA,NA,NA,NA,NA,NA,NA,NA,NA,NA,NA,NA,NA,NA,NA,NA,NA,NA,NA,NA,NA,NA,NA,NA,NA
77,2022/10/10 19:42,7,问卷推荐服务,122.194.137.248(江苏-徐州),2,NA,NA,NA,NA,NA,NA,NA,NA,NA,NA,NA,NA,NA,NA,NA,NA,NA,NA,NA,NA,NA,NA,NA,NA,NA
78,2022/10/10 19:42,19,问卷推荐服务,36.44.166.106(陕西-西安),2,NA,NA,NA,NA,NA,NA,NA,NA,NA,NA,NA,NA,NA,NA,NA,NA,NA,NA,NA,NA,NA,NA,NA,NA,NA
79,2022/10/10 19:42,19,问卷推荐服务,36.142.172.237(甘肃-未知),2,NA,NA,NA,NA,NA,NA,NA,NA,NA,NA,NA,NA,NA,NA,NA,NA,NA,NA,NA,NA,NA,NA,NA,NA,NA
80,2022/10/10 19:42,16,问卷推荐服务,110.176.82.8(山西-太原),2,NA,NA,NA,NA,NA,NA,NA,NA,NA,NA,NA,NA,NA,NA,NA,NA,NA,NA,NA,NA,NA,NA,NA,NA,NA
81,2022/10/10 19:42,13,问卷推荐服务,39.144.177.173(河南-商丘),2,NA,NA,NA,NA,NA,NA,NA,NA,NA,NA,NA,NA,NA,NA,NA,NA,NA,NA,NA,NA,NA,NA,NA,NA,NA
82,2022/10/10 19:42,35,问卷推荐服务,1.198.233.153(河南-周口),1,1,4,3,3,2,4,3,3,2,3,4,4,3,2,4,1,2,1,58,2,1,2,2,2,2
83,2022/10/10 19:42,7,问卷推荐服务,39.149.228.229(河南-信阳),2,NA,NA,NA,NA,NA,NA,NA,NA,NA,NA,NA,NA,NA,NA,NA,NA,NA,NA,NA,NA,NA,NA,NA,NA,NA
84,2022/10/10 19:42,12,问卷推荐服务,223.246.40.140(安徽-淮南),2,NA,NA,NA,NA,NA,NA,NA,NA,NA,NA,NA,NA,NA,NA,NA,NA,NA,NA,NA,NA,NA,NA,NA,NA,NA
85,2022/10/10 19:42,56,问卷推荐服务,219.237.181.219(北京-北京),1,1,1,2,2,2,2,2,3,4,1,1,2,3,5,4,1,1,7,51,2,2,1,3,5,1
86,2022/10/10 19:42,18,问卷推荐服务,60.255.157.188(四川-成都),2,NA,NA,NA,NA,NA,NA,NA,NA,NA,NA,NA,NA,NA,NA,NA,NA,NA,NA,NA,NA,NA,NA,NA,NA,NA
87,2022/10/10 19:42,47,问卷推荐服务,120.207.91.131(山西-大同),1,1,2,3,2,1,3,2,2,3,3,2,3,2,2,3,2,1,4,56,2,2,2,4,4,1
88,2022/10/10 19:42,8,问卷推荐服务,223.104.39.12(北京-北京),2,NA,NA,NA,NA,NA,NA,NA,NA,NA,NA,NA,NA,NA,NA,NA,NA,NA,NA,NA,NA,NA,NA,NA,NA,NA
89,2022/10/10 19:42,44,问卷推荐服务,106.84.228.181(重庆-重庆),1,1,2,2,3,1,3,3,5,3,2,3,4,3,2,4,1,1,4,65,2,2,2,2,3,2
90,2022/10/10 19:42,7,问卷推荐服务,39.149.228.229(河南-信阳),2,NA,NA,NA,NA,NA,NA,NA,NA,NA,NA,NA,NA,NA,NA,NA,NA,NA,NA,NA,NA,NA,NA,NA,NA,NA
91,2022/10/10 19:42,35,问卷推荐服务,118.212.203.133(江西-赣州),1,1,3,3,3,1,3,2,2,3,4,4,4,4,3,4,1,2,9,21,2,2,2,4,4,1
92,2022/10/10 19:42,57,问卷推荐服务,122.191.184.62(湖北-恩施),1,1,4,4,4,1,4,4,3,4,4,4,2,2,2,4,1,1,9,55,1,2,1,2,3,1
93,2022/10/10 19:42,44,问卷推荐服务,60.27.189.179(天津-天津),1,1,4,4,3,1,3,2,3,3,3,1,5,3,3,3,2,2,2,20,2,2,2,4,6,1
94,2022/10/10 19:43,29,问卷推荐服务,36.113.145.60(江苏-南京),1,1,3,3,3,2,2,2,3,2,2,3,3,3,3,3,1,2,7,34,1,2,2,3,5,1
95,2022/10/10 19:43,58,问卷推荐服务,61.242.129.46(湖北-未知),1,1,2,3,1,1,3,3,3,5,4,4,2,3,3,4,2,2,4,42,2,2,2,2,3,2
96,2022/10/10 19:43,75,问卷推荐服务,117.189.3.66(贵州-贵阳),1,1,4,4,4,1,4,4,5,5,5,5,4,5,4,5,1,1,11,56,2,2,1,2,1,1
97,2022/10/10 19:43,18,问卷推荐服务,120.243.50.85(安徽-亳州),2,NA,NA,NA,NA,NA,NA,NA,NA,NA,NA,NA,NA,NA,NA,NA,NA,NA,NA,NA,NA,NA,NA,NA,NA,NA
98,2022/10/10 19:43,17,问卷推荐服务,112.101.100.192(黑龙江-大庆),2,NA,NA,NA,NA,NA,NA,NA,NA,NA,NA,NA,NA,NA,NA,NA,NA,NA,NA,NA,NA,NA,NA,NA,NA,NA
99,2022/10/10 19:43,7,问卷推荐服务,223.104.39.12(北京-北京),2,NA,NA,NA,NA,NA,NA,NA,NA,NA,NA,NA,NA,NA,NA,NA,NA,NA,NA,NA,NA,NA,NA,NA,NA,NA
100,2022/10/10 19:43,60,问卷推荐服务,117.136.122.217(江西-萍乡),1,1,2,3,3,1,4,4,4,4,4,3,3,4,3,4,1,1,4,59,1,2,1,3,4,1
101,2022/10/10 19:43,15,问卷推荐服务,182.133.240.31(四川-宜宾),2,NA,NA,NA,NA,NA,NA,NA,NA,NA,NA,NA,NA,NA,NA,NA,NA,NA,NA,NA,NA,NA,NA,NA,NA,NA
102,2022/10/10 19:43,45,问卷推荐服务,117.136.107.64(河南-郑州),1,1,3,3,4,1,3,3,4,4,4,4,4,3,4,4,1,1,7,50,1,2,1,4,7,1
103,2022/10/10 19:43,17,问卷推荐服务,120.239.95.126(广东-江门),2,NA,NA,NA,NA,NA,NA,NA,NA,NA,NA,NA,NA,NA,NA,NA,NA,NA,NA,NA,NA,NA,NA,NA,NA,NA
104,2022/10/10 19:43,10,问卷推荐服务,123.182.34.253(河北-张家口),2,NA,NA,NA,NA,NA,NA,NA,NA,NA,NA,NA,NA,NA,NA,NA,NA,NA,NA,NA,NA,NA,NA,NA,NA,NA
105,2022/10/10 19:43,86,问卷推荐服务,122.192.15.223(江苏-苏州),1,1,2,2,2,2,2,3,3,3,3,4,2,2,3,3,1,2,5,58,1,2,1,2,3,1
106,2022/10/10 19:43,16,问卷推荐服务,39.144.50.29(河北-石家庄),2,NA,NA,NA,NA,NA,NA,NA,NA,NA,NA,NA,NA,NA,NA,NA,NA,NA,NA,NA,NA,NA,NA,NA,NA,NA
107,2022/10/10 19:43,77,问卷推荐服务,112.47.188.200(福建-泉州),1,1,2,3,2,2,1,3,3,4,1,1,1,1,2,3,2,2,1,52,1,2,1,3,5,1
108,2022/10/10 19:43,65,问卷推荐服务,223.104.50.106(福建-南平),1,1,2,4,4,1,5,5,4,5,5,4,5,4,4,5,1,1,11,58,1,2,1,4,5,1
109,2022/10/10 19:43,76,问卷推荐服务,111.78.169.122(江西-吉安),1,1,2,4,4,1,4,4,4,5,3,2,2,4,3,4,2,1,10,62,1,2,1,3,4,1
110,2022/10/10 19:43,10,问卷推荐服务,182.32.8.129(山东-济南),2,NA,NA,NA,NA,NA,NA,NA,NA,NA,NA,NA,NA,NA,NA,NA,NA,NA,NA,NA,NA,NA,NA,NA,NA,NA
111,2022/10/10 19:43,65,问卷推荐服务,223.107.210.105(江苏-泰州),1,1,2,3,4,1,4,5,2,2,4,5,2,3,2,3,1,2,6,21,1,1,2,4,5,1
112,2022/10/10 19:43,62,问卷推荐服务,111.32.105.2(天津-天津),1,1,5,4,4,1,2,4,4,5,2,2,1,3,4,4,2,2,10,60,2,3,1,3,3,1
113,2022/10/10 19:43,68,问卷推荐服务,117.136.53.69(湖北-武汉),1,1,2,2,4,1,4,4,5,5,1,2,1,1,5,5,1,1,11,56,2,2,1,1,2,2
114,2022/10/10 19:43,38,问卷推荐服务,183.152.233.193(浙江-舟山),1,1,2,4,4,1,4,5,4,4,5,4,4,4,5,4,1,1,7,55,1,2,1,3,5,1
115,2022/10/10 19:43,82,问卷推荐服务,203.168.7.81(广东-广州),1,1,3,3,4,1,4,4,4,4,2,2,2,3,4,4,2,2,10,61,2,2,1,3,4,1
116,2022/10/10 19:43,9,问卷推荐服务,120.41.190.146(福建-厦门),2,NA,NA,NA,NA,NA,NA,NA,NA,NA,NA,NA,NA,NA,NA,NA,NA,NA,NA,NA,NA,NA,NA,NA,NA,NA
117,2022/10/10 19:43,115,问卷推荐服务,183.46.154.82(广东-汕头),1,1,2,4,4,1,2,3,5,5,2,3,3,4,2,3,1,1,8,53,1,2,1,2,5,1
118,2022/10/10 19:43,18,问卷推荐服务,223.104.72.238(广东-湛江),2,NA,NA,NA,NA,NA,NA,NA,NA,NA,NA,NA,NA,NA,NA,NA,NA,NA,NA,NA,NA,NA,NA,NA,NA,NA
119,2022/10/10 19:43,55,问卷推荐服务,183.25.66.210(广东-惠州),1,1,3,3,4,1,4,4,3,4,3,4,3,4,4,4,1,1,10,56,2,2,3,4,5,1
120,2022/10/10 19:43,9,问卷推荐服务,117.179.156.40(黑龙江-绥化),2,NA,NA,NA,NA,NA,NA,NA,NA,NA,NA,NA,NA,NA,NA,NA,NA,NA,NA,NA,NA,NA,NA,NA,NA,NA
121,2022/10/10 19:43,78,问卷推荐服务,182.118.234.78(河南-洛阳),1,1,2,4,4,1,4,4,5,5,3,4,3,5,2,4,1,1,7,27,2,1,1,4,1,2
122,2022/10/10 19:44,40,问卷推荐服务,117.136.107.8(河南-郑州),1,1,1,2,2,2,3,2,3,3,4,3,4,4,3,4,2,1,2,60,1,2,1,3,4,1
123,2022/10/10 19:44,45,问卷推荐服务,223.88.29.12(河南-郑州),1,1,2,1,3,1,2,2,1,1,4,4,5,5,4,4,1,1,10,50,2,2,1,3,4,1
124,2022/10/10 19:44,143,问卷推荐服务,183.208.14.191(江苏-南京),1,1,2,4,4,1,5,5,2,3,2,2,2,2,4,4,2,2,9,58,2,4,2,3,4,1
125,2022/10/10 19:44,49,问卷推荐服务,223.104.71.248(广东-汕尾),1,1,2,4,1,1,1,1,1,1,1,3,1,1,1,1,1,1,1,55,1,2,1,2,2,1
126,2022/10/10 19:44,73,问卷推荐服务,223.89.108.27(河南-三门峡),1,1,2,4,1,1,2,3,3,3,4,3,1,2,4,4,1,2,9,54,2,2,1,2,2,1
127,2022/10/10 19:44,102,问卷推荐服务,223.104.166.79(浙江-杭州),1,1,1,3,3,1,4,4,5,5,2,2,1,2,3,3,2,2,3,50,2,4,1,1,1,1
128,2022/10/10 19:44,67,问卷推荐服务,223.104.196.219(山东-菏泽),1,1,2,2,4,2,4,4,4,4,2,2,3,2,4,5,2,2,2,65,2,3,2,2,6,1
129,2022/10/10 19:45,155,问卷推荐服务,120.219.112.150(河南-郑州),1,1,1,4,4,1,3,4,5,4,3,3,3,4,2,3,2,2,4,53,2,2,1,2,4,1
130,2022/10/10 19:45,160,问卷推荐服务,106.9.145.10(河北-邢台),1,1,5,4,4,1,4,4,4,4,1,2,1,2,1,2,2,2,11,55,2,2,1,2,4,1
131,2022/10/10 19:46,303,问卷推荐服务,117.136.41.11(广东-东莞),1,1,2,3,4,1,2,3,4,4,2,3,3,4,4,4,2,2,8,54,1,2,1,2,1,2
132,2022/10/10 19:55,775,问卷推荐服务,117.162.65.11(江西-吉安),1,1,2,3,4,2,3,3,4,3,2,4,4,3,3,2,2,1,6,60,1,2,1,2,4,2
133,2022/10/10 21:05,161,微信,113.89.149.62(广东-深圳),1,1,5,2,4,2,4,4,4,4,4,4,4,4,3,4,1,2,11,50,1,2,1,3,4,1
134,2022/10/10 21:13,439,微信,103.78.126.121(广东-未知),1,1,3,3,4,1,4,4,4,5,2,3,2,4,3,4,1,1,1,60,2,4,2,2,6,1
135,2022/10/10 21:17,323,微信,120.229.55.218(广东-深圳),1,1,3,3,4,1,3,4,3,4,2,3,2,4,2,4,1,2,11,65,1,2,1,3,6,1
136,2022/10/10 21:21,148,微信,27.44.251.11(广东-东莞),1,1,1,2,3,2,2,3,2,2,2,3,2,4,2,2,2,2,7,56,2,1,1,4,5,2
137,2022/10/10 21:37,16,微信,116.18.236.14(广东-东莞),2,NA,NA,NA,NA,NA,NA,NA,NA,NA,NA,NA,NA,NA,NA,NA,NA,NA,NA,NA,NA,NA,NA,NA,NA,NA
138,2022/10/10 21:41,16,微信,116.18.236.14(广东-东莞),2,NA,NA,NA,NA,NA,NA,NA,NA,NA,NA,NA,NA,NA,NA,NA,NA,NA,NA,NA,NA,NA,NA,NA,NA,NA
139,2022/10/10 21:42,10,微信,116.18.236.14(广东-东莞),2,NA,NA,NA,NA,NA,NA,NA,NA,NA,NA,NA,NA,NA,NA,NA,NA,NA,NA,NA,NA,NA,NA,NA,NA,NA
140,2022/10/10 22:03,85,微信,116.199.102.238(广东-广州),1,1,5,3,3,1,4,4,3,3,3,3,2,3,2,3,1,2,11,61,1,2,1,3,4,1
141,2022/10/10 22:07,144,微信,120.231.135.129(广东-广州),1,1,2,3,4,2,4,4,3,4,1,3,2,3,1,3,2,2,11,65,2,2,1,3,1,1
142,2022/10/10 22:08,14,微信,14.150.83.2(广东-未知),2,NA,NA,NA,NA,NA,NA,NA,NA,NA,NA,NA,NA,NA,NA,NA,NA,NA,NA,NA,NA,NA,NA,NA,NA,NA
143,2022/10/10 22:10,131,微信,120.229.190.83(广东-惠州),1,1,2,3,4,2,5,5,5,5,1,3,1,3,2,3,2,2,11,56,2,2,1,1,3,2
144,2022/10/14 16:22,306,微信,101.228.18.93(上海-上海),1,1,5,3,4,1,4,4,1,3,1,3,1,3,3,4,2,2,8,87,1,3,1,5,6,1
145,2022/10/14 16:39,201,微信,111.194.217.38(北京-北京),1,1,4,3,5,2,5,5,4,4,2,3,4,4,1,3,1,1,11,64,2,2,1,4,8,1
146,2022/10/14 16:39,158,微信,120.231.113.17(广东-中山),1,1,5,2,4,1,4,5,2,4,4,5,2,4,5,5,1,1,11,60,1,2,1,4,5,1
147,2022/10/14 17:27,293,微信,124.240.78.64(广东-广州),1,1,5,4,5,1,4,5,4,4,3,4,4,4,4,4,1,2,11,62,2,2,1,4,7,1
148,2022/10/14 21:19,207,微信,183.191.186.114(山西-太原),1,1,2,3,4,1,3,4,3,4,3,4,3,4,3,4,1,2,7,64,1,2,1,4,4,1
149,2022/10/15 22:53,235,微信,222.129.129.150(北京-北京),1,1,3,3,5,1,3,5,2,4,2,4,2,4,2,4,1,1,11,59,1,2,1,4,8,1
150,2022/10/24 13:31,341,微信,116.199.102.192(广东-广州),1,1,4,3,5,1,4,5,3,5,3,4,3,5,3,5,1,1,9,83,2,2,1,3,5,1
151,2022/10/24 13:34,300,微信,116.199.102.192(广东-广州),1,1,2,3,5,1,4,5,4,5,3,3,3,4,5,5,1,1,9,85,1,2,1,4,5,1
